{
    "sun_intensity": 0.1556328386068344,
    "amb_intensity": 0.25161728262901306,
    "sun_pitch": -61.27647018432617
}